{
	"commonObj" : {
		"3" : {
			"name" : "vec",
			"createdAt" : "main",
			"env" : "0x7fcf083b0618",
			"usages" : 2,
			"modList" : [
				{
					"id" : 1,
					"vecMod" : false,
					"nElements" : 10,
					"vector" : [1.00,2.00,3.00,4.00,5.00,6.00,7.00,8.00,9.00,10.00]
				},
				{
					"id" : 2,
					"vecMod" : true,
					"numMods" : 1,
					"mods" : [
						{ "index" : 1, "newValue" : 9.00 }
					]
				}
			]
		},
		"1" : {
			"name" : "b",
			"createdAt" : "main",
			"env" : "0x7fcf083b0618",
			"usages" : 1,
			"modList" : [
				{
					"id" : 1,
					"vecMod" : false,
					"value" : 10.00
				}
			]
		},
		"2" : {
			"name" : "c",
			"createdAt" : "main",
			"env" : "0x7fcf083b0618",
			"usages" : 1,
			"modList" : [
				{
					"id" : 1,
					"vecMod" : false,
					"value" : 30.00
				}
			]
		}
	}
}